{"cameraMode":{"drawMode":0,"name":"Shaded","section":"Shading Mode"},"sceneLighting":false,"audioPlay":false,"sceneViewState":{"showFog":false,"showMaterialUpdate":false,"showSkybox":false,"showFlares":false,"showImageEffects":false,"showParticleSystems":true},"in2DMode":false,"pivot":{"x":2.991899013519287,"y":1.2561898231506348,"z":2.609546661376953},"rotation":{"x":-0.21353787183761598,"y":-0.1496748924255371,"z":0.0331253856420517,"w":-0.9648357033729553},"size":11.664555549621582,"orthographic":false}