{"cameraMode":{"drawMode":0,"name":"Shaded","section":"Shading Mode"},"sceneLighting":false,"audioPlay":false,"sceneViewState":{"showFog":false,"showMaterialUpdate":false,"showSkybox":false,"showFlares":false,"showImageEffects":false,"showParticleSystems":true},"in2DMode":false,"pivot":{"x":0.6430466175079346,"y":1.2254939079284669,"z":8.593334197998047},"rotation":{"x":-0.014038977213203907,"y":-0.984382688999176,"z":0.14908644556999207,"w":-0.09270025044679642},"size":2.3883261680603029,"orthographic":false}