{"cameraMode":{"drawMode":0,"name":"Shaded","section":"Shading Mode"},"sceneLighting":true,"audioPlay":false,"sceneViewState":{"showFog":false,"showMaterialUpdate":false,"showSkybox":false,"showFlares":false,"showImageEffects":false,"showParticleSystems":true},"in2DMode":false,"pivot":{"x":-1.2041337490081788,"y":1.164959192276001,"z":40.57904815673828},"rotation":{"x":-0.2639928162097931,"y":-0.42291149497032168,"z":0.1302725076675415,"w":-0.857032835483551},"size":0.8660253882408142,"orthographic":false}