{"cameraMode":{"drawMode":0,"name":"Shaded","section":"Shading Mode"},"sceneLighting":false,"audioPlay":false,"sceneViewState":{"showFog":false,"showMaterialUpdate":false,"showSkybox":false,"showFlares":false,"showImageEffects":false,"showParticleSystems":true},"in2DMode":false,"pivot":{"x":2.2511062622070314,"y":-3.4727840423583986,"z":-9.713431358337403},"rotation":{"x":-0.3195553421974182,"y":-0.6751925349235535,"z":0.41611289978027346,"w":-0.5185167193412781},"size":23.371868133544923,"orthographic":false}