{"cameraMode":{"drawMode":0,"name":"Shaded","section":"Shading Mode"},"sceneLighting":false,"audioPlay":false,"sceneViewState":{"showFog":false,"showMaterialUpdate":false,"showSkybox":false,"showFlares":false,"showImageEffects":false,"showParticleSystems":true},"in2DMode":false,"pivot":{"x":-2.1351468563079836,"y":2.710235595703125,"z":-6.044939994812012},"rotation":{"x":-0.09906165301799774,"y":-0.04118732362985611,"z":0.004103164188563824,"w":-0.9942244291305542},"size":4.310795783996582,"orthographic":false}