{"cameraMode":{"drawMode":0,"name":"Shaded","section":"Shading Mode"},"sceneLighting":true,"audioPlay":false,"sceneViewState":{"showFog":false,"showMaterialUpdate":false,"showSkybox":false,"showFlares":false,"showImageEffects":false,"showParticleSystems":true},"in2DMode":false,"pivot":{"x":-15.118547439575196,"y":-89.269775390625,"z":103.67887115478516},"rotation":{"x":-0.34610825777053835,"y":0.0652228370308876,"z":-0.024129705503582956,"w":-0.9356300830841065},"size":80.44456481933594,"orthographic":false}