{"cameraMode":{"drawMode":0,"name":"Shaded","section":"Shading Mode"},"sceneLighting":true,"audioPlay":false,"sceneViewState":{"showFog":false,"showMaterialUpdate":false,"showSkybox":false,"showFlares":false,"showImageEffects":false,"showParticleSystems":true},"in2DMode":false,"pivot":{"x":-9.381656646728516,"y":0.428924560546875,"z":42.530921936035159},"rotation":{"x":-0.33630597591400149,"y":-0.2694493532180786,"z":0.1010551005601883,"w":-0.8967103362083435},"size":21.886032104492189,"orthographic":false}