{"cameraMode":{"drawMode":0,"name":"Shaded","section":"Shading Mode"},"sceneLighting":false,"audioPlay":false,"sceneViewState":{"showFog":false,"showMaterialUpdate":false,"showSkybox":false,"showFlares":false,"showImageEffects":false,"showParticleSystems":true},"in2DMode":false,"pivot":{"x":1.472090244293213,"y":0.6761412620544434,"z":-6.512700080871582},"rotation":{"x":-0.3020535111427307,"y":-0.4178869426250458,"z":0.1496157944202423,"w":-0.8436576128005981},"size":4.310795783996582,"orthographic":false}