{"cameraMode":{"drawMode":0,"name":"Shaded","section":"Shading Mode"},"sceneLighting":true,"audioPlay":false,"sceneViewState":{"showFog":false,"showMaterialUpdate":false,"showSkybox":false,"showFlares":false,"showImageEffects":false,"showParticleSystems":true},"in2DMode":false,"pivot":{"x":0.0,"y":4.830647945404053,"z":-14.010101318359375},"rotation":{"x":-0.004808822181075811,"y":-0.017401738092303277,"z":0.0000842107183416374,"w":-0.9998483657836914},"size":2.1820363998413088,"orthographic":false}