{"cameraMode":{"drawMode":0,"name":"Shaded","section":"Shading Mode"},"sceneLighting":false,"audioPlay":false,"sceneViewState":{"showFog":false,"showMaterialUpdate":false,"showSkybox":false,"showFlares":false,"showImageEffects":false,"showParticleSystems":true},"in2DMode":false,"pivot":{"x":-1.8498175144195557,"y":0.8848404884338379,"z":-0.22424042224884034},"rotation":{"x":-0.3736094534397125,"y":-0.3847030699253082,"z":0.1740207076072693,"w":-0.8259217739105225},"size":4.274238586425781,"orthographic":false}