{"cameraMode":{"drawMode":0,"name":"Shaded","section":"Shading Mode"},"sceneLighting":false,"audioPlay":false,"sceneViewState":{"showFog":false,"showMaterialUpdate":false,"showSkybox":false,"showFlares":false,"showImageEffects":false,"showParticleSystems":true},"in2DMode":false,"pivot":{"x":-0.11309587955474854,"y":0.22274142503738404,"z":0.08726334571838379},"rotation":{"x":-0.015039513818919659,"y":0.9013453722000122,"z":-0.03138582780957222,"w":-0.43173468112945559},"size":0.8660285472869873,"orthographic":false}