{"cameraMode":{"drawMode":0,"name":"Shaded","section":"Shading Mode"},"sceneLighting":false,"audioPlay":false,"sceneViewState":{"showFog":false,"showMaterialUpdate":false,"showSkybox":false,"showFlares":false,"showImageEffects":false,"showParticleSystems":true},"in2DMode":false,"pivot":{"x":3.781363010406494,"y":-3.728602409362793,"z":-2.0142159461975099},"rotation":{"x":-0.3195553421974182,"y":-0.6751925349235535,"z":0.41611289978027346,"w":-0.5185167193412781},"size":8.023600578308106,"orthographic":false}