{"cameraMode":{"drawMode":0,"name":"Shaded","section":"Shading Mode"},"sceneLighting":false,"audioPlay":false,"sceneViewState":{"showFog":false,"showMaterialUpdate":false,"showSkybox":false,"showFlares":false,"showImageEffects":false,"showParticleSystems":true},"in2DMode":false,"pivot":{"x":73.6811294555664,"y":-71.96797943115235,"z":-58.571868896484378},"rotation":{"x":-0.21353787183761598,"y":-0.1496748924255371,"z":0.0331253856420517,"w":-0.9648357033729553},"size":223.42466735839845,"orthographic":false}