{"cameraMode":{"drawMode":0,"name":"Shaded","section":"Shading Mode"},"sceneLighting":true,"audioPlay":false,"sceneViewState":{"showFog":false,"showMaterialUpdate":false,"showSkybox":false,"showFlares":false,"showImageEffects":false,"showParticleSystems":true},"in2DMode":false,"pivot":{"x":4.349292278289795,"y":3.239712715148926,"z":0.23000526428222657},"rotation":{"x":-0.027304327115416528,"y":0.011092902161180973,"z":-0.00030328420689329505,"w":-0.9995712041854858},"size":4.166025161743164,"orthographic":false}