{"cameraMode":{"drawMode":0,"name":"Shaded","section":"Shading Mode"},"sceneLighting":true,"audioPlay":false,"sceneViewState":{"showFog":false,"showMaterialUpdate":false,"showSkybox":false,"showFlares":false,"showImageEffects":false,"showParticleSystems":true},"in2DMode":false,"pivot":{"x":-9.374958992004395,"y":-84.98124694824219,"z":108.19317626953125},"rotation":{"x":-0.34610825777053835,"y":0.0652228370308876,"z":-0.024129705503582956,"w":-0.9356300830841065},"size":78.0805435180664,"orthographic":false}