{"cameraMode":{"drawMode":0,"name":"Shaded","section":"Shading Mode"},"sceneLighting":false,"audioPlay":false,"sceneViewState":{"showFog":false,"showMaterialUpdate":false,"showSkybox":false,"showFlares":false,"showImageEffects":false,"showParticleSystems":true},"in2DMode":false,"pivot":{"x":372.7267761230469,"y":551.0393676757813,"z":-128.8150634765625},"rotation":{"x":-0.11849185824394226,"y":0.025912147015333177,"z":-0.0030889897607266905,"w":-0.9926272034645081},"size":518.9087524414063,"orthographic":false}