{"cameraMode":{"drawMode":0,"name":"Shaded","section":"Shading Mode"},"sceneLighting":true,"audioPlay":false,"sceneViewState":{"showFog":false,"showMaterialUpdate":false,"showSkybox":false,"showFlares":false,"showImageEffects":false,"showParticleSystems":true},"in2DMode":false,"pivot":{"x":-1.018370270729065,"y":5.0758161544799809,"z":-13.750325202941895},"rotation":{"x":-0.21900568902492524,"y":0.012291869148612023,"z":-0.0027611732948571445,"w":-0.9756583571434021},"size":0.3159087300300598,"orthographic":false}